﻿<?xml version="1.0" encoding="utf-8" standalone="no" ?>
<vehicle type="cutter">
    <annotation>Copyright (C) GIANTS Software GmbH, All Rights Reserved.</annotation>

    <storeData>
        <name>VARIO 930</name>
        <specs>
            <workingWidth>9.30</workingWidth>
            <combination>LEXION 6700</combination>
        </specs>
        <functions>
            <function>$l10n_function_cutter</function>
        </functions>
        <image>vehicles/claas/vario770/store_vario770.png</image>
        <price>49900</price>
        <lifetime>600</lifetime>
        <rotation>0</rotation>
        <brand>CLAAS</brand>
        <category>cutters</category>
        <shopTranslationOffset>0 -0.1 0</shopTranslationOffset>
        <shopRotationOffset>0 0 0</shopRotationOffset>
        <vertexBufferMemoryUsage>3446536</vertexBufferMemoryUsage>
        <indexBufferMemoryUsage>997638</indexBufferMemoryUsage>
        <textureMemoryUsage>7165528</textureMemoryUsage>
        <instanceVertexBufferMemoryUsage>0</instanceVertexBufferMemoryUsage>
        <instanceIndexBufferMemoryUsage>0</instanceIndexBufferMemoryUsage>
    </storeData>

    <base>
        <typeDesc>$l10n_typeDesc_cutter</typeDesc>
        <filename>vehicles/claas/vario770/vario770.i3d</filename>
        <size width="9.5" length="3" lengthOffset="0.1" />
        <speedLimit value="6" />
        <components>
            <component centerOfMass="0 0.2 -0.3" solverIterationCount="10" mass="2557" />
        </components>
        <schemaOverlay attacherJointPosition="0 0">
            <default name="DEFAULT_IMPLEMENT"/>
            <turnedOn name="DEFAULT_IMPLEMENT_ON"/>
            <selected name="DEFAULT_IMPLEMENT_SELECTED"/>
            <turnedOnSelected name="DEFAULT_IMPLEMENT_SELECTED_ON"/>
        </schemaOverlay>
    </base>

    <powerTakeOffs>
        <input inputAttacherJointIndices="1" inputNode="ptoInputNode" aboveAttacher="true" detachNode="ptoDetachNode" ptoName="LEFT_PTO"/>
    </powerTakeOffs>

    <powerConsumer ptoRpm="540" neededMaxPtoPower="130"/>

    <groundReferenceNodes>
        <groundReferenceNode node="vario770_main_component1" threshold="0.4" />
    </groundReferenceNodes>

    <workAreas>
        <workArea type="cutter" functionName="processCutterArea" >
            <area startNode="workAreaStart" widthNode="workAreaWidth" heightNode="workAreaHeight" />
            <groundReferenceNode index="1" />
        </workArea>
    </workAreas>

    <attachable>
        <inputAttacherJoints>
            <inputAttacherJoint node="attacherJoint" jointType="cutter" >
                <heightNode node="heightNode" />
                <distanceToGround lower="0.27" upper="2.3" />
            </inputAttacherJoint>
        </inputAttacherJoints>
        <support animationName="moveSupport" />
    </attachable>

    <dynamicallyLoadedParts>
        <dynamicallyLoadedPart node="0|0" linkNode="claasCutterHose"   filename="shared/connectionHoses/connectors.i3d" />
    </dynamicallyLoadedParts>

    <connectionHoses>
        <hose inputAttacherJointIndices="1" type="claasCutter"  node="claasCutterHoseTarget" length="0.7" diameter="0.06" straighteningFactor="3">
            <objectChange node="claasCutterHose" visibilityActive="true" visibilityInactive="false"/>
            <objectChange node="claasCutterHose_cover" visibilityActive="false" visibilityInactive="true"/>
        </hose>
    </connectionHoses>

    <animations>
        <animation name="turnedOnAnimation_spikes" looping="true">
            <part node="reel" startTime="0.0" endTime="1.99999"  startRot="0 0 0" endRot="0 360 0" />
            <part node="reel" startTime="1.99999" endTime="2.0"  startRot="0 360 0" endRot="0 0 0" />
            <part node="outerReel" startTime="0.0" endTime="1.99999"  startRot="0 0 0" endRot="0 360 0" />
            <part node="outerReel" startTime="1.99999" endTime="2.0"  startRot="0 360 0" endRot="0 0 0" />
        </animation>

        <animation name="turnedOnAnimation_bottomBlades" looping="true">
            <part node="bladesDecal" startTime="0.0" endTime="0.5"  startTrans="0.03 0 0"  endTrans="-0.03 0 0" />
            <part node="bladesDecal" startTime="0.5" endTime="1.0"  startTrans="-0.03 0 0" endTrans="0.03 0 0" />
        </animation>

        <animation name="turnedOnAnimation_canolaBlades" looping="true">
            <part node="blades01" startTime="0.0" endTime="0.5"  startTrans="0.108 -0.03 0" endTrans="0.108 0.03 0" />
            <part node="blades01" startTime="0.5" endTime="1.0"  startTrans="0.108 0.03 0" endTrans="0.108 -0.03 0" />
            <part node="blades02" startTime="0.0" endTime="0.5"  startTrans="0.108 0.03 0" endTrans="0.108 -0.03 0" />
            <part node="blades02" startTime="0.5" endTime="1.0"  startTrans="0.108 -0.03 0" endTrans="0.108 0.03 0" />
        </animation>

        <animation name="variHeaderAnim">
            <part node="variHeader" startTime="0" endTime="0.9" startTrans="0 0 0" endTrans="0 0 0.4"/>
            <part node="canolaExtension" startTime="0.9" endTime="0.95" visibility="false"/>
            <part node="canolaExtension" startTime="0.95" endTime="1" visibility="true"/>
        </animation>

        <animation name="moveSupport">
            <part node="gpsLeft"   startTime="0" endTime="1" startRot="0 0 0"  endRot="-83 0 0"  />
            <part node="gpsRight"   startTime="0" endTime="1" startRot="0 0 0"  endRot="0 83 0" />
        </animation>
    </animations>

    <cylindered>
        <movingTools>
            <movingTool node="reelMove" playSound="true" >
                <controls axis="AXIS_CUTTER_REEL" invertAxis="true" mouseSpeedFactor="0.9" iconName="REEL_TRANSLATE_X" />
                <translation transSpeed="0.1" transAcceleration="10" transMax="0.33" transMin="0" translationAxis="3" startTrans="0.33"/>
                <dependentPart node="reelMoveHydraulic" />
            </movingTool>
            <movingTool node="reelRot" playSound="true" >
                <controls axis="AXIS_CUTTER_REEL2" invertAxis="true" mouseSpeedFactor="0.9" iconName="REEL_TRANSLATE_Y" />
                <rotation rotSpeed="5" rotAcceleration="40" rotMax="40" rotMin="0" startRot="10"/>
                <dependentPart node="reelRotHydraulic" />
            </movingTool>
            <movingTool node="gpsLeft" playSound="false"  >
                <dependentPart node="gpsLeftArm01" />
            </movingTool>
            <movingTool node="gpsRight" playSound="false" visibilityActive="false" >
                <dependentPart node="gpsRightArm01" />
            </movingTool>
        </movingTools>

        <movingParts>
            <movingPart node="reelRotHydraulic" referencePoint="reelRotHydraulicRef" referenceFrame="reelRotHydraulicRef" >
                <translatingPart node="reelRotHydraulicPunch" />
            </movingPart>
            <movingPart node="reelMoveHydraulic" referencePoint="reelMoveHydraulicRef" referenceFrame="reelMoveHydraulicRef" >
                <translatingPart node="reelMoveHydraulicPunch" />
            </movingPart>
            <movingPart node="spike01" referenceFrame="vario770_main_component1" isActiveDirty="true"/>
            <movingPart node="spike02" referenceFrame="vario770_main_component1" isActiveDirty="true"/>
            <movingPart node="spike03" referenceFrame="vario770_main_component1" isActiveDirty="true"/>
            <movingPart node="spike04" referenceFrame="vario770_main_component1" isActiveDirty="true"/>
            <movingPart node="spike05" referenceFrame="vario770_main_component1" isActiveDirty="true"/>
            <movingPart node="spike06" referenceFrame="vario770_main_component1" isActiveDirty="true"/>

            <movingPart node="gpsLeftArm01" localReferencePoint="gpsLeftArm02" referencePoint="gpsLeftArm01Ref" referenceFrame="gpsLeftArm01RefFrame" limitedAxis="1">
                <dependentPart node="gpsLeftArm02" />
            </movingPart>
            <movingPart node="gpsLeftArm02" referencePoint="gpsLeftArm01Ref" referenceFrame="gpsLeftArm02RefFrame" limitedAxis="2"/>

            <movingPart node="gpsRightArm01" localReferencePoint="gpsRightArm02" referencePoint="gpsRightArm01Ref" referenceFrame="gpsRightArm01RefFrame" limitedAxis="1">
                <dependentPart node="gpsRightArm02" />
            </movingPart>
            <movingPart node="gpsRightArm02" referencePoint="gpsRightArm01Ref" referenceFrame="gpsRightArm02RefFrame" limitedAxis="2"/>
        </movingParts>

        <sounds>
            <hydraulic template="DEFAULT_HYDRAULIC_SOUND" linkNode="vario770_main_component1"/>
        </sounds>
    </cylindered>

    <dynamicMount forceLimitScale="1" />

    <cutter fruitTypeCategories="grainHeader">
        <fruitExtraObjects>
             <fruitExtraObject fruitType="canola" anim="variHeaderAnim"/>
             <fruitExtraObject fruitType="wheat" node="grainExtension" isDefault="true"/>
             <fruitExtraObject fruitType="barley" node="grainExtension"/>
             <fruitExtraObject fruitType="soybean" node="grainExtension"/>
             <fruitExtraObject fruitType="oat" node="grainExtension"/>
         </fruitExtraObjects>
         <animationNodes>
            <animationNode node="mainDrum" rotAxis="1" rotSpeed="750"  turnOnFadeTime="2" turnOffFadeTime="3"/>
        </animationNodes>

        <testAreas>
            <testArea startNode="testArea2Start" widthNode="testArea2Width" heightNode="testArea2Height" />
            <testArea startNode="testArea3Start" widthNode="testArea3Width" heightNode="testArea3Height" />
            <testArea startNode="testArea4Start" widthNode="testArea4Width" heightNode="testArea4Height" />
            <testArea startNode="testArea5Start" widthNode="testArea5Width" heightNode="testArea5Height" />
            <testArea startNode="testArea6Start" widthNode="testArea6Width" heightNode="testArea6Height" />
            <testArea startNode="testArea7Start" widthNode="testArea7Width" heightNode="testArea7Height" />
            <testArea startNode="testArea8Start" widthNode="testArea8Width" heightNode="testArea8Height" />
			<testArea startNode="testArea9Start" widthNode="testArea9Width" heightNode="testArea9Height" />
			<testArea startNode="testArea10Start" widthNode="testArea10Width" heightNode="testArea10Height" />
        </testAreas>

        <effect>
            <effectNode linkNode="center" speedScale="0.0018"                             effectType="CENTER" changeSpeedScale="0.01" supportScaling="true" />
            <effectNode linkNode="left"   speedScale="0.0013" lengthAndRadius="2.6 1 1 1" effectType="LEFT"  useInterpolation="true" minOffset="5" />
            <effectNode linkNode="right"  speedScale="0.0013" lengthAndRadius="2.6 1 1 1" effectType="RIGHT" useInterpolation="true" minOffset="5" useMaxValue="true" />
        </effect>

        <fillEffect>
            <effectNode effectClass="ParticleEffect" effectNode="smokeEmitter" particleType="SMOKE" emitCountScale="0.1" worldSpace="false" useCuttingWidth="false"/>
        </fillEffect>
    </cutter>

    <turnOnVehicle turnedOnByAttacherVehicle="true">
        <turnedOnAnimation name="turnedOnAnimation_spikes" speedScale="0.7" turnOnFadeTime="2" turnOffFadeTime="3"/>
        <turnedOnAnimation name="turnedOnAnimation_bottomBlades" speedScale="8" turnOnFadeTime="2" turnOffFadeTime="3"/>
        <turnedOnAnimation name="turnedOnAnimation_canolaBlades" speedScale="5" turnOnFadeTime="2" turnOffFadeTime="3"/>
    </turnOnVehicle>

     <ai>
        <areaMarkers leftNode="aiMarkerLeft" rightNode="aiMarkerRight" backNode="aiMarkerBack" />
        <sizeMarkers leftNode="sizeMarkerLeft" rightNode="sizeMarkerRight" backNode="sizeMarkerBack" />
        <collisionTrigger node="aiCollisionTrigger" />
    </ai>

    <foliageBending>
        <bendingNode minX="-4" maxX="4" minZ="-1.2" maxZ="0.5" yOffset="0.2" />
    </foliageBending>

    <wearable wearDuration="480" workMultiplier="5" fieldMultiplier="2"/>
    <washable dirtDuration="90" washDuration="1" workMultiplier="4" fieldMultiplier="2"/>

    <baseMaterial>
        <material name="vario770_mat" baseNode="vario770_vis">
            <shaderParameter name="colorMat0" value="CLAAS_GREEN1"/>
            <shaderParameter name="colorMat1" value="CLAAS_WHITE1"/>
            <shaderParameter name="colorMat2" value="CLAAS_RED1"/>
        </material>
    </baseMaterial>
	
	<baseMaterialConfigurations useDefaultColors="false">
        <baseMaterialConfiguration name="CLAAS_WHITE" color="CLAAS_WHITE1"/>
        <material name="vario770_mat" shaderParameter="colorMat1"/>
		<baseMaterialConfiguration name="BLACK" color="SHARED_BLACK2" price="500" icon="$dataS2/menu/hud/configurations/config_rimColor.png"/>
		<material name="vario770_mat" shaderParameter="colorMat1"/>
    </baseMaterialConfigurations>

    <i3dMappings>
        <i3dMapping id="vario770_main_component1" node="0>" />
        <i3dMapping id="vario770_vis" node="0>0" />
        <i3dMapping id="attacherJoint" node="0>0|0|0" />
        <i3dMapping id="ptoDetachNode" node="0>0|0|1" />
        <i3dMapping id="ptoInputNode" node="0>0|0|2" />
        <i3dMapping id="heightNode" node="0>0|0|3" />
        <i3dMapping id="claasCutterHose" node="0>0|0|4|0" />
        <i3dMapping id="claasCutterHoseTarget" node="0>0|0|4|0|0" />
        <i3dMapping id="claasCutterHose_cover" node="0>0|0|4|1" />
        <i3dMapping id="mainDrum" node="0>0|1|0" />
        <i3dMapping id="reelRotHydraulic" node="0>0|1|1" />
        <i3dMapping id="reelRotHydraulicPunch" node="0>0|1|1|0" />
        <i3dMapping id="reelRot" node="0>0|1|2" />
        <i3dMapping id="reelMove" node="0>0|1|2|0|0" />
        <i3dMapping id="reel" node="0>0|1|2|0|0|0" />
        <i3dMapping id="spike01" node="0>0|1|2|0|0|0|0" />
        <i3dMapping id="spike02" node="0>0|1|2|0|0|0|1" />
        <i3dMapping id="spike03" node="0>0|1|2|0|0|0|2" />
        <i3dMapping id="spike04" node="0>0|1|2|0|0|0|3" />
        <i3dMapping id="spike05" node="0>0|1|2|0|0|0|4" />
        <i3dMapping id="spike06" node="0>0|1|2|0|0|0|5" />
        <i3dMapping id="reel1" node="0>0|1|2|0|0|0|6" />
        <i3dMapping id="outerReel" node="0>0|1|2|0|0|1" />
        <i3dMapping id="outerReel1" node="0>0|1|2|0|0|1|0" />
        <i3dMapping id="reelMoveHydraulicRef" node="0>0|1|2|0|0|4" />
        <i3dMapping id="screws_decal6" node="0>0|1|2|0|0|6" />
        <i3dMapping id="reelRotHydraulicRef" node="0>0|1|2|3" />
        <i3dMapping id="reelMoveHydraulic" node="0>0|1|2|4" />
        <i3dMapping id="reelMoveHydraulicPunch" node="0>0|1|2|4|0" />
        <i3dMapping id="gpsLeft" node="0>0|1|3|0" />
        <i3dMapping id="gpsLeftArm01" node="0>0|1|3|0|0|0" />
        <i3dMapping id="gpsLeftArm02" node="0>0|1|3|0|0|0|0|0" />
        <i3dMapping id="gpsLeftArm02RefFrame" node="0>0|1|3|0|0|0|1" />
        <i3dMapping id="gpsLeftArm01RefFrame" node="0>0|1|3|0|2" />
        <i3dMapping id="gpsRight" node="0>0|1|4|0" />
        <i3dMapping id="gpsRightArm01" node="0>0|1|4|0|0|0" />
        <i3dMapping id="gpsRightArm02" node="0>0|1|4|0|0|0|0|0" />
        <i3dMapping id="gpsRightArm02RefFrame" node="0>0|1|4|0|0|0|1" />
        <i3dMapping id="gpsRightArm01RefFrame" node="0>0|1|4|0|1" />
        <i3dMapping id="gpsLeftArm01Ref" node="0>0|1|5" />
        <i3dMapping id="gpsRightArm01Ref" node="0>0|1|6" />
        <i3dMapping id="workAreaStart" node="0>0|2|0" />
        <i3dMapping id="workAreaWidth" node="0>0|2|1" />
        <i3dMapping id="workAreaHeight" node="0>0|2|2" />
        <i3dMapping id="aiMarkerLeft" node="0>0|3|0|0" />
        <i3dMapping id="aiMarkerRight" node="0>0|3|0|1" />
        <i3dMapping id="aiMarkerBack" node="0>0|3|0|2" />
        <i3dMapping id="sizeMarkerLeft" node="0>0|3|1|0" />
        <i3dMapping id="sizeMarkerRight" node="0>0|3|1|1" />
        <i3dMapping id="sizeMarkerBack" node="0>0|3|1|2" />
        <i3dMapping id="aiCollisionTrigger" node="0>0|3|2" />
        <i3dMapping id="center" node="0>0|4|0|0" />
        <i3dMapping id="left" node="0>0|4|0|1" />
        <i3dMapping id="right" node="0>0|4|0|2" />
        <i3dMapping id="testArea2Start" node="0>0|4|1|0" />
        <i3dMapping id="testArea2Height" node="0>0|4|1|0|0" />
        <i3dMapping id="testArea2Width" node="0>0|4|1|0|0|0" />
        <i3dMapping id="testArea3Start" node="0>0|4|1|1" />
        <i3dMapping id="testArea3Width" node="0>0|4|1|1|0" />
        <i3dMapping id="testArea3Height" node="0>0|4|1|1|1" />
        <i3dMapping id="testArea4Start" node="0>0|4|1|2" />
        <i3dMapping id="testArea4Width" node="0>0|4|1|2|0" />
        <i3dMapping id="testArea4Height" node="0>0|4|1|2|1" />
        <i3dMapping id="testArea5Start" node="0>0|4|1|3" />
        <i3dMapping id="testArea5Width" node="0>0|4|1|3|0" />
        <i3dMapping id="testArea5Height" node="0>0|4|1|3|1" />
        <i3dMapping id="testArea6Start" node="0>0|4|1|4" />
        <i3dMapping id="testArea6Width" node="0>0|4|1|4|0" />
        <i3dMapping id="testArea6Height" node="0>0|4|1|4|1" />
        <i3dMapping id="testArea7Start" node="0>0|4|1|5" />
        <i3dMapping id="testArea7Width" node="0>0|4|1|5|0" />
        <i3dMapping id="testArea7Height" node="0>0|4|1|5|1" />
        <i3dMapping id="testArea8Start" node="0>0|4|1|6" />
        <i3dMapping id="testArea8Width" node="0>0|4|1|6|0" />
        <i3dMapping id="testArea8Height" node="0>0|4|1|6|1" />
		<i3dMapping id="testArea9Start" node="0>0|4|1|7" />
        <i3dMapping id="testArea9Width" node="0>0|4|1|7|0" />
        <i3dMapping id="testArea9Height" node="0>0|4|1|7|1" />
		<i3dMapping id="testArea10Start" node="0>0|4|1|8" />
        <i3dMapping id="testArea10Width" node="0>0|4|1|8|0" />
        <i3dMapping id="testArea10Height" node="0>0|4|1|8|0|0" />
        <i3dMapping id="smokeEmitter" node="0>0|4|2" />
        <i3dMapping id="grainExtension" node="0>0|5|0" />
        <i3dMapping id="variHeader" node="0>0|5|1" />
        <i3dMapping id="bladesDecal" node="0>0|5|1|0" />
        <i3dMapping id="canolaExtension" node="0>0|5|1|4" />
        <i3dMapping id="blades01" node="0>0|5|1|4|1" />
        <i3dMapping id="blades02" node="0>0|5|1|4|2" />
        <i3dMapping id="canolaBlades" node="0>0|5|1|4|2|0" />
    </i3dMappings>
</vehicle>
