﻿<?xml version="1.0" encoding="utf-8" standalone="no" ?>
<modDesc descVersion="44">
    <author>GIANTS Software</author>
    <version>0.1.0.0</version>
    <productId>8F6BAB51</productId>
    <title>
        <en>CLAAS Vario 930 Trailer</en>
    </title>

    <description>
        <en>CLAAS Vario 930 Trailer</en>
    </description>

    <iconFilename>store_corio1275CTrailer.png</iconFilename>
    <multiplayer supported="true" />


    <extraSourceFiles>
        <sourceFile filename="CustomConnectionHoseType.lua"/>
    </extraSourceFiles>

    <specializations>
        <specialization name="extendedGroundReference" className="ExtendedGroundReference" filename="ExtendedGroundReference.lua" />
        <specialization name="extendedDynamicMountAttacher" className="ExtendedDynamicMountAttacher" filename="ExtendedDynamicMountAttacher.lua" />
    </specializations>

    <vehicleTypes>
        <type name="extendedDynamicMountAttacherTrailer" parent="dynamicMountAttacherTrailer" filename="$dataS/scripts/vehicles/Vehicle.lua">
            <specialization name="extendedDynamicMountAttacher" />
        </type>
    </vehicleTypes>

    <storeItems>      
        <storeItem xmlFilename="vehicles/claas/corio1275CTrailer/corio1275CTrailer.xml"/>
    </storeItems>

    <jointTypes>
        <jointType name="trailerSaddled"/>
    </jointTypes>

    <brands>
        <brand name="CLAAS" title="CLAAS" image="brand_claas.dds"/>
    </brands>

    <brandColors>
        <color name="CLAAS_GREEN1" value="0.2384 0.3186 0.0116 1" />
        <color name="CLAAS_RED1" value="0.5310 0.0357 0.0112 1" />
        <color name="CLAAS_WHITE1" value="0.784 0.784 0.784 1" />
        <color name="CLAAS_DARKGREY1" value="0.0721 0.0765 0.0906 1" />
        <color name="CLAAS_DARKGREY2" value="0.068 0.068 0.068 1" />
    </brandColors>


    
</modDesc>
