﻿<?xml version="1.0" encoding="utf-8" standalone="no" ?>
<modDesc descVersion="44">
    <author>GIANTS Software agroflick</author>
    <version>1.0.0.0</version>
    <title>
        <en>CLAAS Vario 930</en>
		<de>CLAAS Vario 930</de>
		<fr>CLAAS Vario 930</fr>
    </title>
    <description>
        <en>CLAAS Vario 930</en>
		<de>CLAAS Vario 930</de>
		<fr>CLAAS Vario 930</fr>
    </description>
    <iconFilename>store_vario770.dds</iconFilename>
    <multiplayer supported="true" />

    <materialHolders>
	    <materialHolder filename="particleSystems/effect_materialHolder.i3d"/>
    </materialHolders>
	
	<vehicleTypes>
        <type name="extendedCutter" parent="cutter" filename="$dataS/scripts/vehicles/Vehicle.lua">
            <specialization name="ropes" />
            <specialization name="extendedCutter" />
        </type>
    </vehicleTypes>

    <storeItems>
        <storeItem xmlFilename="vehicles/claas/vario770/vario770.xml"/>
    </storeItems>

    <jointTypes>
        <jointType name="trailerSaddled"/>
    </jointTypes>

    <brands>
        <brand name="CLAAS" title="CLAAS" image="brand_claas.dds"/>
    </brands>

    <brandColors>
        <color name="CLAAS_GREEN1" value="0.2384 0.3186 0.0116 1" />
        <color name="CLAAS_RED1" value="0.5310 0.0357 0.0112 1" />
        <color name="CLAAS_WHITE1" value="0.784 0.784 0.784 1" />
        <color name="CLAAS_DARKGREY1" value="0.0721 0.0765 0.0906 1" />
        <color name="CLAAS_DARKGREY2" value="0.068 0.068 0.068 1" />
    </brandColors>

    <connectionHoseTypes>
	    <connectionHoseType name="claasCutter">
            <adapter name="DEFAULT" filename="shared/connectors.i3d" node="0|0"/>
            <material name="DEFAULT" filename="$data/shared/connectionHoses/hoseMaterialHolder.i3d" materialNode="1" defaultColor="0.01 0.01 0.01 0" uvOffset="0 0.5" uvScale="2 1"/>
        </connectionHoseType>
    </connectionHoseTypes>

    <l10n>
    </l10n>
	
	<extraSourceFiles>
    </extraSourceFiles>

    <specializations>
    </specializations>

    <vehicleTypes>
    </vehicleTypes>
	
</modDesc>
